,track_lon,track_lat,pcen,penv,rmw
0,-81.4000015258789,23.799999237060547,990,1013,50
1,-81.4423717015151,23.779191732588707,970,1013,50
2,-81.48471327216681,23.75843154206362,940,1013,75
3,-81.52702179651011,23.73776131461547,980,1013,30
4,-81.56929283322116,23.717223699374433,1005,1013,50
